type,time
bg,603.794249
am,610.940335
co,797.483301
cs,652.468359
eu,603.796989
na,608.965803
