f_log,a_db
1,14.2618929405525
1.69897000433602,10.0221878363088
2,4.38472888209161
2,-14.0449542819451
4,-24.7077557282656
5,-27.2448357249313
